2020-01-23,3.083,3.168,3.235,3.132,244443.97,765660.55,HT,https://www.cryptocompare.com/media/27010813/ht.png,Huobi Token
2020-01-24,3.1,3.182,3.132,3.114,205768.27,640796.65,HT,https://www.cryptocompare.com/media/27010813/ht.png,Huobi Token
2020-01-25,3.053,3.132,3.114,3.074,172579.35,530526.39,HT,https://www.cryptocompare.com/media/27010813/ht.png,Huobi Token
2020-01-26,3.141,3.234,3.074,3.146,191877.19,603727.61,HT,https://www.cryptocompare.com/media/27010813/ht.png,Huobi Token
2020-01-27,3.147,3.227,3.146,3.183,241896.53,769996.21,HT,https://www.cryptocompare.com/media/27010813/ht.png,Huobi Token
2020-01-28,3.244,3.316,3.183,3.258,231981.1,755738.75,HT,https://www.cryptocompare.com/media/27010813/ht.png,Huobi Token
2020-01-29,3.193,3.389,3.258,3.374,437084.19,1474639.89,HT,https://www.cryptocompare.com/media/27010813/ht.png,Huobi Token
2020-01-30,3.451,3.678,3.374,3.486,369762.22,1289169.69,HT,https://www.cryptocompare.com/media/27010813/ht.png,Huobi Token
2020-01-31,3.369,3.498,3.486,3.439,389757.28,1340300.76,HT,https://www.cryptocompare.com/media/27010813/ht.png,Huobi Token
2020-02-01,3.434,3.534,3.439,3.469,252314.65,875364.65,HT,https://www.cryptocompare.com/media/27010813/ht.png,Huobi Token
2020-02-02,3.4,3.562,3.469,3.466,309497.62,1072835.12,HT,https://www.cryptocompare.com/media/27010813/ht.png,Huobi Token
2020-02-03,3.37,3.503,3.466,3.444,235167.57,809993.66,HT,https://www.cryptocompare.com/media/27010813/ht.png,Huobi Token
2020-02-04,3.388,3.454,3.444,3.418,182424.65,623582.47,HT,https://www.cryptocompare.com/media/27010813/ht.png,Huobi Token
2020-02-05,3.529,3.739,3.418,3.576,324643.43,1160772.0,HT,https://www.cryptocompare.com/media/27010813/ht.png,Huobi Token
2020-02-06,3.651,3.806,3.576,3.721,661957.59,2463238.46,HT,https://www.cryptocompare.com/media/27010813/ht.png,Huobi Token
2020-02-07,3.827,4.086,3.721,3.9,637862.23,2487973.46,HT,https://www.cryptocompare.com/media/27010813/ht.png,Huobi Token
2020-02-08,3.777,4.073,3.9,3.826,388890.64,1487758.7,HT,https://www.cryptocompare.com/media/27010813/ht.png,Huobi Token
2020-02-09,3.868,4.042,3.826,3.959,431297.54,1707658.78,HT,https://www.cryptocompare.com/media/27010813/ht.png,Huobi Token
2020-02-10,3.833,4.777,3.959,4.667,2171301.81,10134466.95,HT,https://www.cryptocompare.com/media/27010813/ht.png,Huobi Token
2020-02-11,4.597,5.136,4.667,4.673,1256367.52,5870716.46,HT,https://www.cryptocompare.com/media/27010813/ht.png,Huobi Token
2020-02-12,4.66,5.235,4.673,4.881,834505.81,4073076.15,HT,https://www.cryptocompare.com/media/27010813/ht.png,Huobi Token
2020-02-13,4.643,4.984,4.881,4.767,752305.61,3586195.7,HT,https://www.cryptocompare.com/media/27010813/ht.png,Huobi Token
2020-02-14,4.967,5.333,4.767,5.058,798777.31,4040601.44,HT,https://www.cryptocompare.com/media/27010813/ht.png,Huobi Token
2020-02-15,4.63,5.006,5.058,4.892,1320336.64,6458795.71,HT,https://www.cryptocompare.com/media/27010813/ht.png,Huobi Token
2020-02-16,4.792,5.124,4.892,5.036,1293807.06,6515012.42,HT,https://www.cryptocompare.com/media/27010813/ht.png,Huobi Token
2020-02-17,4.75,5.214,5.036,4.782,903325.32,4320034.83,HT,https://www.cryptocompare.com/media/27010813/ht.png,Huobi Token
2020-02-18,4.903,5.101,4.782,4.985,660698.23,3293613.98,HT,https://www.cryptocompare.com/media/27010813/ht.png,Huobi Token
2020-02-19,4.53,4.879,4.985,4.763,823800.16,3923789.16,HT,https://www.cryptocompare.com/media/27010813/ht.png,Huobi Token
2020-02-20,4.61,4.829,4.763,4.747,463834.94,2201747.46,HT,https://www.cryptocompare.com/media/27010813/ht.png,Huobi Token
2020-02-21,4.725,4.911,4.747,4.775,334281.04,1596355.1,HT,https://www.cryptocompare.com/media/27010813/ht.png,Huobi Token
2020-02-22,4.517,4.74,4.775,4.525,368640.21,1668040.73,HT,https://www.cryptocompare.com/media/27010813/ht.png,Huobi Token
2020-02-23,4.747,4.901,4.525,4.791,423921.51,2030848.22,HT,https://www.cryptocompare.com/media/27010813/ht.png,Huobi Token
2020-02-24,4.119,4.757,4.791,4.672,507003.37,2368572.31,HT,https://www.cryptocompare.com/media/27010813/ht.png,Huobi Token
2020-02-25,4.135,4.364,4.672,4.251,766223.94,3256899.83,HT,https://www.cryptocompare.com/media/27010813/ht.png,Huobi Token
2020-02-26,3.786,4.103,4.251,4.076,883126.9,3599943.7,HT,https://www.cryptocompare.com/media/27010813/ht.png,Huobi Token
2020-02-27,4.085,4.417,4.076,4.237,847995.68,3593257.38,HT,https://www.cryptocompare.com/media/27010813/ht.png,Huobi Token
2020-02-28,4.167,4.895,4.237,4.701,1633774.99,7681012.75,HT,https://www.cryptocompare.com/media/27010813/ht.png,Huobi Token
2020-02-29,4.462,5.281,4.701,4.802,2814276.54,13514214.48,HT,https://www.cryptocompare.com/media/27010813/ht.png,Huobi Token
2020-03-01,4.469,4.888,4.802,4.587,1201296.8,5510517.56,HT,https://www.cryptocompare.com/media/27010813/ht.png,Huobi Token
2020-03-02,4.679,4.932,4.587,4.774,829468.62,3959958.92,HT,https://www.cryptocompare.com/media/27010813/ht.png,Huobi Token
2020-03-03,4.556,4.681,4.774,4.619,609672.48,2815841.12,HT,https://www.cryptocompare.com/media/27010813/ht.png,Huobi Token
2020-03-04,4.604,4.689,4.619,4.646,418041.92,1942382.62,HT,https://www.cryptocompare.com/media/27010813/ht.png,Huobi Token
2020-03-05,4.677,4.812,4.646,4.695,388548.1,1824315.31,HT,https://www.cryptocompare.com/media/27010813/ht.png,Huobi Token
2020-03-06,4.768,5.07,4.695,4.773,298523.45,1424750.69,HT,https://www.cryptocompare.com/media/27010813/ht.png,Huobi Token
2020-03-07,4.47,4.665,4.773,4.649,311304.32,1447128.95,HT,https://www.cryptocompare.com/media/27010813/ht.png,Huobi Token
2020-03-08,3.482,4.243,4.649,4.189,581326.82,2435344.54,HT,https://www.cryptocompare.com/media/27010813/ht.png,Huobi Token
2020-03-09,4.015,4.301,4.189,4.092,929321.15,3802839.76,HT,https://www.cryptocompare.com/media/27010813/ht.png,Huobi Token
2020-03-10,3.982,4.079,4.092,4.018,436628.29,1754555.24,HT,https://www.cryptocompare.com/media/27010813/ht.png,Huobi Token
2020-03-11,3.895,4.117,4.018,4.004,444069.51,1778219.96,HT,https://www.cryptocompare.com/media/27010813/ht.png,Huobi Token
2020-03-12,2.25,2.642,4.004,2.424,1787704.86,4333293.61,HT,https://www.cryptocompare.com/media/27010813/ht.png,Huobi Token
2020-03-13,2.579,3.035,2.424,2.962,971232.01,2876859.92,HT,https://www.cryptocompare.com/media/27010813/ht.png,Huobi Token
2020-03-14,2.626,2.84,2.962,2.816,763245.96,2149043.1,HT,https://www.cryptocompare.com/media/27010813/ht.png,Huobi Token
2020-03-15,2.835,3.087,2.816,3.062,820578.81,2512865.63,HT,https://www.cryptocompare.com/media/27010813/ht.png,Huobi Token
2020-03-16,2.641,2.932,3.062,2.873,1065619.4,3061704.84,HT,https://www.cryptocompare.com/media/27010813/ht.png,Huobi Token
2020-03-17,2.876,3.016,2.873,2.969,528730.16,1569873.34,HT,https://www.cryptocompare.com/media/27010813/ht.png,Huobi Token
2020-03-18,2.988,3.096,2.969,3.017,569671.89,1718419.02,HT,https://www.cryptocompare.com/media/27010813/ht.png,Huobi Token
2020-03-19,3.268,3.513,3.017,3.307,790038.89,2612479.27,HT,https://www.cryptocompare.com/media/27010813/ht.png,Huobi Token
2020-03-20,3.111,3.468,3.307,3.279,892713.25,2927181.75,HT,https://www.cryptocompare.com/media/27010813/ht.png,Huobi Token
2020-03-21,3.229,3.445,3.279,3.382,876568.16,2964295.46,HT,https://www.cryptocompare.com/media/27010813/ht.png,Huobi Token
2020-03-22,3.019,3.187,3.382,3.148,842359.17,2651689.72,HT,https://www.cryptocompare.com/media/27010813/ht.png,Huobi Token
2020-03-23,3.375,3.55,3.148,3.38,698177.51,2359988.56,HT,https://www.cryptocompare.com/media/27010813/ht.png,Huobi Token
2020-03-24,3.401,3.511,3.375,3.432,851717.29,2923360.92,HT,https://www.cryptocompare.com/media/27010813/ht.png,Huobi Token
2020-03-25,3.303,3.411,3.431,3.381,315086.62,1065341.51,HT,https://www.cryptocompare.com/media/27010813/ht.png,Huobi Token
2020-03-26,3.384,3.478,3.381,3.41,227550.75,776021.74,HT,https://www.cryptocompare.com/media/27010813/ht.png,Huobi Token
2020-03-27,3.181,3.285,3.41,3.251,315965.48,1027180.77,HT,https://www.cryptocompare.com/media/27010813/ht.png,Huobi Token
2020-03-28,3.211,3.364,3.251,3.261,361848.39,1180049.91,HT,https://www.cryptocompare.com/media/27010813/ht.png,Huobi Token
2020-03-29,3.03,3.113,3.261,3.08,241531.18,743945.38,HT,https://www.cryptocompare.com/media/27010813/ht.png,Huobi Token
2020-03-30,3.207,3.326,3.08,3.279,411280.76,1348442.29,HT,https://www.cryptocompare.com/media/27010813/ht.png,Huobi Token
2020-03-31,3.281,3.332,3.279,3.311,171005.43,566131.64,HT,https://www.cryptocompare.com/media/27010813/ht.png,Huobi Token
2020-04-01,3.382,3.524,3.309,3.396,682653.98,2318601.62,HT,https://www.cryptocompare.com/media/27010813/ht.png,Huobi Token
2020-04-02,3.376,3.534,3.389,3.435,443805.25,1524459.23,HT,https://www.cryptocompare.com/media/27010813/ht.png,Huobi Token
2020-04-03,3.405,3.553,3.435,3.533,291580.35,1030276.13,HT,https://www.cryptocompare.com/media/27010813/ht.png,Huobi Token
2020-04-04,3.591,3.739,3.533,3.715,326388.75,1212481.3,HT,https://www.cryptocompare.com/media/27010813/ht.png,Huobi Token
2020-04-05,3.641,3.763,3.715,3.712,367928.69,1365759.54,HT,https://www.cryptocompare.com/media/27010813/ht.png,Huobi Token
2020-04-06,3.963,4.464,3.712,3.971,524197.22,2081737.5,HT,https://www.cryptocompare.com/media/27010813/ht.png,Huobi Token
2020-04-07,3.756,3.914,3.971,3.906,878930.36,3432869.25,HT,https://www.cryptocompare.com/media/27010813/ht.png,Huobi Token
2020-04-08,3.949,4.117,3.906,3.973,1766122.38,7016491.79,HT,https://www.cryptocompare.com/media/27010813/ht.png,Huobi Token
2020-04-09,3.85,3.985,3.973,3.898,1430973.08,5577882.7,HT,https://www.cryptocompare.com/media/27010813/ht.png,Huobi Token
2020-04-10,3.594,3.706,3.898,3.645,2124831.06,7744299.52,HT,https://www.cryptocompare.com/media/27010813/ht.png,Huobi Token
2020-04-11,3.603,3.78,3.645,3.707,1821001.0,6749597.02,HT,https://www.cryptocompare.com/media/27010813/ht.png,Huobi Token
2020-04-12,3.681,3.793,3.707,3.727,2489875.75,9280887.36,HT,https://www.cryptocompare.com/media/27010813/ht.png,Huobi Token
2020-04-13,3.632,3.819,3.727,3.723,3153359.62,11739663.97,HT,https://www.cryptocompare.com/media/27010813/ht.png,Huobi Token
2020-04-14,3.716,3.832,3.723,3.743,2993862.9,11205909.08,HT,https://www.cryptocompare.com/media/27010813/ht.png,Huobi Token
2020-04-15,3.554,3.688,3.743,3.649,3627556.85,13235248.18,HT,https://www.cryptocompare.com/media/27010813/ht.png,Huobi Token
2020-04-16,3.814,4.159,3.649,3.843,4235978.51,16280375.96,HT,https://www.cryptocompare.com/media/27010813/ht.png,Huobi Token
2020-04-17,3.768,3.866,3.843,3.815,3088963.94,11783050.03,HT,https://www.cryptocompare.com/media/27010813/ht.png,Huobi Token
2020-04-18,3.935,4.192,3.815,3.957,3945558.44,15613193.02,HT,https://www.cryptocompare.com/media/27010813/ht.png,Huobi Token
2020-04-19,3.764,3.93,3.957,3.861,3510562.2,13554559.39,HT,https://www.cryptocompare.com/media/27010813/ht.png,Huobi Token
2020-04-20,3.564,3.757,3.861,3.716,3823387.92,14206440.15,HT,https://www.cryptocompare.com/media/27010813/ht.png,Huobi Token
2020-04-21,3.642,3.738,3.716,3.694,3342720.06,12346670.81,HT,https://www.cryptocompare.com/media/27010813/ht.png,Huobi Token
2020-04-22,3.829,3.968,3.694,3.849,3238315.12,12465347.43,HT,https://www.cryptocompare.com/media/27010813/ht.png,Huobi Token
2020-04-23,3.842,4.031,3.849,3.936,4068477.72,16015220.79,HT,https://www.cryptocompare.com/media/27010813/ht.png,Huobi Token
2020-04-24,3.919,4.021,3.936,3.981,2752948.92,10959811.75,HT,https://www.cryptocompare.com/media/27010813/ht.png,Huobi Token
2020-04-25,3.938,4.135,3.981,3.964,2493015.06,9881344.66,HT,https://www.cryptocompare.com/media/27010813/ht.png,Huobi Token
2020-04-26,3.981,4.096,3.964,4.037,2479561.31,10009219.85,HT,https://www.cryptocompare.com/media/27010813/ht.png,Huobi Token
2020-04-27,3.997,4.14,4.037,4.065,2502847.37,10175262.91,HT,https://www.cryptocompare.com/media/27010813/ht.png,Huobi Token
2020-04-28,4.032,4.114,4.065,4.042,1763327.56,7126551.46,HT,https://www.cryptocompare.com/media/27010813/ht.png,Huobi Token
2020-04-29,4.233,4.438,4.042,4.289,2680719.37,11498798.3,HT,https://www.cryptocompare.com/media/27010813/ht.png,Huobi Token
2020-04-30,4.045,4.28,4.289,4.191,3517508.42,14743307.3,HT,https://www.cryptocompare.com/media/27010813/ht.png,Huobi Token
2020-05-01,4.195,4.32,4.191,4.223,2399653.17,10132875.3,HT,https://www.cryptocompare.com/media/27010813/ht.png,Huobi Token
2020-05-02,4.232,4.281,4.223,4.272,1995158.07,8523898.86,HT,https://www.cryptocompare.com/media/27010813/ht.png,Huobi Token
2020-05-03,4.138,4.216,4.272,4.189,2443689.18,10235627.7,HT,https://www.cryptocompare.com/media/27010813/ht.png,Huobi Token
2020-05-04,4.122,4.271,4.189,4.217,2493328.9,10515458.05,HT,https://www.cryptocompare.com/media/27010813/ht.png,Huobi Token
2020-05-05,4.122,4.221,4.217,4.182,2000041.33,8363208.82,HT,https://www.cryptocompare.com/media/27010813/ht.png,Huobi Token
2020-05-06,3.98,4.111,4.182,4.105,2080587.65,8541731.92,HT,https://www.cryptocompare.com/media/27010813/ht.png,Huobi Token
2020-05-07,4.156,4.392,4.105,4.247,2919881.78,12401905.87,HT,https://www.cryptocompare.com/media/27010813/ht.png,Huobi Token
2020-05-08,4.136,4.254,4.247,4.169,2202077.15,9181458.06,HT,https://www.cryptocompare.com/media/27010813/ht.png,Huobi Token
2020-05-09,4.068,4.177,4.169,4.089,2177684.25,8903562.23,HT,https://www.cryptocompare.com/media/27010813/ht.png,Huobi Token
2020-05-10,3.646,3.92,4.089,3.854,3273526.61,12617732.37,HT,https://www.cryptocompare.com/media/27010813/ht.png,Huobi Token
2020-05-11,3.738,3.831,3.854,3.757,2739152.56,10289995.83,HT,https://www.cryptocompare.com/media/27010813/ht.png,Huobi Token
2020-05-12,3.826,3.916,3.757,3.889,2056293.0,7997236.03,HT,https://www.cryptocompare.com/media/27010813/ht.png,Huobi Token
2020-05-13,3.933,4.107,3.889,3.939,1912540.64,7533580.78,HT,https://www.cryptocompare.com/media/27010813/ht.png,Huobi Token
2020-05-14,3.999,4.131,3.939,4.117,2571755.02,10588506.92,HT,https://www.cryptocompare.com/media/27010813/ht.png,Huobi Token
2020-05-15,3.905,4.037,4.117,4.021,2174053.79,8742889.92,HT,https://www.cryptocompare.com/media/27010813/ht.png,Huobi Token
2020-05-16,3.762,4.151,4.021,4.048,1949077.34,7890443.75,HT,https://www.cryptocompare.com/media/27010813/ht.png,Huobi Token
2020-05-17,4.059,4.191,4.048,4.086,2127132.89,8691008.08,HT,https://www.cryptocompare.com/media/27010813/ht.png,Huobi Token
2020-05-18,4.125,4.243,4.086,4.144,2063280.83,8550832.05,HT,https://www.cryptocompare.com/media/27010813/ht.png,Huobi Token
2020-05-19,4.125,4.192,4.144,4.142,1639547.27,6791593.39,HT,https://www.cryptocompare.com/media/27010813/ht.png,Huobi Token
2020-05-20,4.017,4.13,4.142,4.067,1685637.01,6855305.36,HT,https://www.cryptocompare.com/media/27010813/ht.png,Huobi Token
2020-05-21,3.193,3.983,4.067,3.922,1929844.64,7568001.55,HT,https://www.cryptocompare.com/media/27010813/ht.png,Huobi Token
2020-05-22,3.942,4.135,3.922,3.98,1854383.01,7380029.0,HT,https://www.cryptocompare.com/media/27010813/ht.png,Huobi Token
2020-05-23,3.909,3.993,3.98,3.944,1712444.8,6753601.45,HT,https://www.cryptocompare.com/media/27010813/ht.png,Huobi Token
2020-05-24,3.752,3.828,3.944,3.81,1955022.91,7448255.28,HT,https://www.cryptocompare.com/media/27010813/ht.png,Huobi Token
2020-05-25,3.851,3.911,3.81,3.9,1835783.74,7160200.95,HT,https://www.cryptocompare.com/media/27010813/ht.png,Huobi Token
2020-05-26,3.818,3.892,3.9,3.88,1482855.79,5753301.04,HT,https://www.cryptocompare.com/media/27010813/ht.png,Huobi Token
2020-05-27,3.938,4.036,3.88,3.944,1465222.74,5778657.09,HT,https://www.cryptocompare.com/media/27010813/ht.png,Huobi Token
2020-05-28,4.038,4.217,3.944,4.051,1836518.32,7440317.89,HT,https://www.cryptocompare.com/media/27010813/ht.png,Huobi Token
2020-05-29,3.963,4.107,4.051,4.08,1876030.69,7654880.59,HT,https://www.cryptocompare.com/media/27010813/ht.png,Huobi Token
2020-05-30,4.099,4.513,4.08,4.158,2436079.93,10128586.72,HT,https://www.cryptocompare.com/media/27010813/ht.png,Huobi Token
2020-05-31,3.912,4.074,4.158,4.065,2387692.83,9704883.04,HT,https://www.cryptocompare.com/media/27010813/ht.png,Huobi Token
2020-06-01,4.133,4.364,4.065,4.165,2562188.52,10671422.43,HT,https://www.cryptocompare.com/media/27010813/ht.png,Huobi Token
2020-06-02,3.964,4.171,4.165,4.088,2835658.45,11592041.02,HT,https://www.cryptocompare.com/media/27010813/ht.png,Huobi Token
2020-06-03,4.087,4.219,4.088,4.087,1944440.07,7946144.12,HT,https://www.cryptocompare.com/media/27010813/ht.png,Huobi Token
2020-06-04,4.035,4.156,4.087,4.108,1945216.35,7990458.57,HT,https://www.cryptocompare.com/media/27010813/ht.png,Huobi Token
2020-06-05,4.024,4.35,4.108,4.314,3901723.24,16832961.11,HT,https://www.cryptocompare.com/media/27010813/ht.png,Huobi Token
2020-06-06,4.287,4.457,4.314,4.457,3082258.86,13736680.87,HT,https://www.cryptocompare.com/media/27010813/ht.png,Huobi Token
2020-06-07,4.423,4.621,4.457,4.428,3554947.43,15739627.51,HT,https://www.cryptocompare.com/media/27010813/ht.png,Huobi Token
2020-06-08,4.404,4.518,4.428,4.427,1885294.15,8345445.35,HT,https://www.cryptocompare.com/media/27010813/ht.png,Huobi Token
2020-06-09,4.343,4.521,4.427,4.477,1896858.52,8492994.34,HT,https://www.cryptocompare.com/media/27010813/ht.png,Huobi Token
2020-06-10,4.415,4.553,4.477,4.439,1886836.9,8376384.11,HT,https://www.cryptocompare.com/media/27010813/ht.png,Huobi Token
2020-06-11,4.054,4.231,4.439,4.162,3215285.87,13382652.56,HT,https://www.cryptocompare.com/media/27010813/ht.png,Huobi Token
2020-06-12,4.25,4.333,4.162,4.311,2429783.99,10475651.64,HT,https://www.cryptocompare.com/media/27010813/ht.png,Huobi Token
2020-06-13,4.288,4.345,4.311,4.295,1569142.24,6739350.28,HT,https://www.cryptocompare.com/media/27010813/ht.png,Huobi Token
2020-06-14,4.153,4.232,4.295,4.199,1813674.38,7615780.68,HT,https://www.cryptocompare.com/media/27010813/ht.png,Huobi Token
2020-06-15,4.148,4.266,4.199,4.192,2859057.87,11985991.14,HT,https://www.cryptocompare.com/media/27010813/ht.png,Huobi Token
2020-06-16,4.22,4.305,4.192,4.236,1862441.23,7889859.78,HT,https://www.cryptocompare.com/media/27010813/ht.png,Huobi Token
2020-06-17,4.182,4.245,4.236,4.187,1857612.7,7777158.61,HT,https://www.cryptocompare.com/media/27010813/ht.png,Huobi Token
2020-06-18,4.123,4.174,4.187,4.146,1182245.23,4901746.2,HT,https://www.cryptocompare.com/media/27010813/ht.png,Huobi Token
2020-06-19,4.046,4.117,4.146,4.064,1268552.61,5155621.96,HT,https://www.cryptocompare.com/media/27010813/ht.png,Huobi Token
2020-06-20,4.054,4.099,4.064,4.086,1059232.54,4327692.09,HT,https://www.cryptocompare.com/media/27010813/ht.png,Huobi Token
2020-06-21,4.023,4.08,4.086,4.035,984346.69,3971710.24,HT,https://www.cryptocompare.com/media/27010813/ht.png,Huobi Token
2020-06-22,4.214,4.448,4.035,4.263,2259413.08,9631010.35,HT,https://www.cryptocompare.com/media/27010813/ht.png,Huobi Token
2020-06-23,4.236,4.289,4.263,4.25,1260183.04,5356328.37,HT,https://www.cryptocompare.com/media/27010813/ht.png,Huobi Token
2020-06-24,4.079,4.299,4.25,4.29,3085062.15,13235232.53,HT,https://www.cryptocompare.com/media/27010813/ht.png,Huobi Token
2020-06-25,4.185,4.264,4.29,4.222,1002044.51,4230431.01,HT,https://www.cryptocompare.com/media/27010813/ht.png,Huobi Token
2020-06-26,4.165,4.211,4.222,4.206,941249.82,3958898.44,HT,https://www.cryptocompare.com/media/27010813/ht.png,Huobi Token
2020-06-27,4.032,4.151,4.206,4.125,1048371.11,4324248.61,HT,https://www.cryptocompare.com/media/27010813/ht.png,Huobi Token
2020-06-28,4.084,4.219,4.125,4.126,1117922.1,4612900.52,HT,https://www.cryptocompare.com/media/27010813/ht.png,Huobi Token
2020-06-29,4.17,4.261,4.126,4.193,1426620.31,5981282.55,HT,https://www.cryptocompare.com/media/27010813/ht.png,Huobi Token
2020-06-30,4.117,4.171,4.193,4.144,1076775.35,4462054.33,HT,https://www.cryptocompare.com/media/27010813/ht.png,Huobi Token
2020-07-01,4.133,4.263,4.144,4.143,808250.72,3348361.68,HT,https://www.cryptocompare.com/media/27010813/ht.png,Huobi Token
2020-07-02,4.036,4.118,4.143,4.077,1336700.44,5449487.09,HT,https://www.cryptocompare.com/media/27010813/ht.png,Huobi Token
2020-07-03,4.035,4.102,4.077,4.098,966149.66,3959020.45,HT,https://www.cryptocompare.com/media/27010813/ht.png,Huobi Token
2020-07-04,4.107,4.179,4.098,4.128,911190.87,3761505.25,HT,https://www.cryptocompare.com/media/27010813/ht.png,Huobi Token
2020-07-05,4.082,4.141,4.128,4.082,956653.81,3904809.25,HT,https://www.cryptocompare.com/media/27010813/ht.png,Huobi Token
2020-07-06,4.243,4.376,4.082,4.26,3716439.15,15831329.12,HT,https://www.cryptocompare.com/media/27010813/ht.png,Huobi Token
2020-07-07,4.119,4.258,4.26,4.131,2362430.38,9759627.5,HT,https://www.cryptocompare.com/media/27010813/ht.png,Huobi Token
2020-07-08,4.201,4.329,4.131,4.218,2121819.16,8950189.05,HT,https://www.cryptocompare.com/media/27010813/ht.png,Huobi Token
2020-07-09,4.106,4.234,4.218,4.166,1587224.53,6612689.76,HT,https://www.cryptocompare.com/media/27010813/ht.png,Huobi Token
2020-07-10,4.151,4.233,4.166,4.199,1059898.04,4451005.89,HT,https://www.cryptocompare.com/media/27010813/ht.png,Huobi Token
2020-07-11,4.158,4.216,4.199,4.187,944596.52,3954907.55,HT,https://www.cryptocompare.com/media/27010813/ht.png,Huobi Token
2020-07-12,4.223,4.301,4.187,4.228,1483586.48,6272372.79,HT,https://www.cryptocompare.com/media/27010813/ht.png,Huobi Token
2020-07-13,4.144,4.232,4.228,4.23,923617.92,3906995.98,HT,https://www.cryptocompare.com/media/27010813/ht.png,Huobi Token
2020-07-14,4.196,4.277,4.23,4.232,835618.14,3536122.05,HT,https://www.cryptocompare.com/media/27010813/ht.png,Huobi Token
2020-07-15,4.191,4.246,4.232,4.23,732772.48,3099313.08,HT,https://www.cryptocompare.com/media/27010813/ht.png,Huobi Token
2020-07-16,4.142,4.217,4.23,4.177,1010099.94,4219133.71,HT,https://www.cryptocompare.com/media/27010813/ht.png,Huobi Token
2020-07-17,4.155,4.183,4.177,4.164,411623.31,1714104.55,HT,https://www.cryptocompare.com/media/27010813/ht.png,Huobi Token
2020-07-18,4.17,4.233,4.164,4.179,490639.21,2050422.86,HT,https://www.cryptocompare.com/media/27010813/ht.png,Huobi Token
2020-07-19,4.198,4.282,4.179,4.213,578026.91,2435033.27,HT,https://www.cryptocompare.com/media/27010813/ht.png,Huobi Token
2020-07-20,4.138,4.244,4.213,4.223,433503.71,1830487.1,HT,https://www.cryptocompare.com/media/27010813/ht.png,Huobi Token
2020-07-21,4.231,4.413,4.223,4.254,767553.49,3264827.91,HT,https://www.cryptocompare.com/media/27010813/ht.png,Huobi Token
2020-07-22,4.274,4.686,4.254,4.332,1101086.83,4770133.65,HT,https://www.cryptocompare.com/media/27010813/ht.png,Huobi Token
2020-07-23,4.262,4.556,4.332,4.347,1260251.76,5478315.03,HT,https://www.cryptocompare.com/media/27010813/ht.png,Huobi Token
2020-07-24,4.091,4.44,4.347,4.205,1056997.8,4444870.24,HT,https://www.cryptocompare.com/media/27010813/ht.png,Huobi Token
2020-07-25,4.237,4.616,4.205,4.298,1892622.59,8133962.34,HT,https://www.cryptocompare.com/media/27010813/ht.png,Huobi Token
2020-07-26,4.242,4.451,4.298,4.301,1572565.1,6764232.62,HT,https://www.cryptocompare.com/media/27010813/ht.png,Huobi Token
2020-07-27,4.265,4.497,4.301,4.478,2751884.25,12322929.69,HT,https://www.cryptocompare.com/media/27010813/ht.png,Huobi Token
2020-07-28,4.346,4.518,4.478,4.46,2070618.87,9235899.19,HT,https://www.cryptocompare.com/media/27010813/ht.png,Huobi Token
2020-07-29,4.392,4.516,4.46,4.459,1766815.07,7878162.49,HT,https://www.cryptocompare.com/media/27010813/ht.png,Huobi Token
2020-07-30,4.358,4.704,4.459,4.442,1856726.99,8247697.34,HT,https://www.cryptocompare.com/media/27010813/ht.png,Huobi Token
2020-07-31,4.387,4.626,4.442,4.425,1998357.21,8843321.37,HT,https://www.cryptocompare.com/media/27010813/ht.png,Huobi Token
2020-08-01,4.68,5.145,4.425,4.769,2962175.75,14126666.8,HT,https://www.cryptocompare.com/media/27010813/ht.png,Huobi Token
2020-08-02,4.314,4.757,4.769,4.485,2701216.58,12116241.6,HT,https://www.cryptocompare.com/media/27010813/ht.png,Huobi Token
2020-08-03,4.541,4.853,4.485,4.776,3001725.73,14336413.18,HT,https://www.cryptocompare.com/media/27010813/ht.png,Huobi Token
2020-08-04,4.705,5.013,4.776,4.849,3538200.27,17156689.24,HT,https://www.cryptocompare.com/media/27010813/ht.png,Huobi Token
2020-08-05,4.862,5.082,4.849,4.922,2033007.14,10005937.44,HT,https://www.cryptocompare.com/media/27010813/ht.png,Huobi Token
2020-08-06,4.804,4.895,4.922,4.859,4035859.27,19611697.14,HT,https://www.cryptocompare.com/media/27010813/ht.png,Huobi Token
2020-08-07,4.623,4.828,4.859,4.695,4418083.3,20744142.13,HT,https://www.cryptocompare.com/media/27010813/ht.png,Huobi Token
2020-08-08,4.743,4.954,4.695,4.743,3297175.3,15638142.4,HT,https://www.cryptocompare.com/media/27010813/ht.png,Huobi Token
2020-08-09,4.613,4.734,4.743,4.707,1600188.45,7531729.87,HT,https://www.cryptocompare.com/media/27010813/ht.png,Huobi Token
2020-08-10,4.643,4.798,4.707,4.71,3376570.41,15905321.41,HT,https://www.cryptocompare.com/media/27010813/ht.png,Huobi Token
2020-08-11,4.415,4.6,4.71,4.547,3999825.46,18188326.32,HT,https://www.cryptocompare.com/media/27010813/ht.png,Huobi Token
2020-08-12,4.468,4.697,4.547,4.48,4250304.66,19040465.09,HT,https://www.cryptocompare.com/media/27010813/ht.png,Huobi Token
2020-08-13,4.564,4.985,4.48,4.619,2781882.94,12850696.54,HT,https://www.cryptocompare.com/media/27010813/ht.png,Huobi Token
2020-08-14,4.626,4.867,4.619,4.701,1465329.85,6888262.42,HT,https://www.cryptocompare.com/media/27010813/ht.png,Huobi Token
2020-08-15,4.59,4.858,4.701,4.807,2151383.71,10340667.32,HT,https://www.cryptocompare.com/media/27010813/ht.png,Huobi Token
2020-08-16,4.777,4.981,4.807,4.837,1380949.26,6680241.93,HT,https://www.cryptocompare.com/media/27010813/ht.png,Huobi Token
2020-08-17,4.683,4.908,4.837,4.8,1448810.75,6954181.2,HT,https://www.cryptocompare.com/media/27010813/ht.png,Huobi Token
2020-08-18,4.655,4.781,4.8,4.739,860453.85,4077779.94,HT,https://www.cryptocompare.com/media/27010813/ht.png,Huobi Token
2020-08-19,4.548,4.739,4.739,4.621,1549800.4,7161535.44,HT,https://www.cryptocompare.com/media/27010813/ht.png,Huobi Token
2020-08-20,4.668,4.839,4.621,4.809,1325548.97,6375124.91,HT,https://www.cryptocompare.com/media/27010813/ht.png,Huobi Token
2020-08-21,4.458,4.729,4.809,4.695,2336991.35,10971141.44,HT,https://www.cryptocompare.com/media/27010813/ht.png,Huobi Token
2020-08-22,4.639,4.809,4.695,4.643,759960.91,3528270.82,HT,https://www.cryptocompare.com/media/27010813/ht.png,Huobi Token
2020-08-23,4.579,4.696,4.643,4.65,596729.64,2774535.04,HT,https://www.cryptocompare.com/media/27010813/ht.png,Huobi Token
2020-08-24,4.705,4.88,4.65,4.774,1701851.35,8124554.95,HT,https://www.cryptocompare.com/media/27010813/ht.png,Huobi Token
2020-08-25,4.47,4.934,4.774,4.799,4369634.09,20971695.26,HT,https://www.cryptocompare.com/media/27010813/ht.png,Huobi Token
2020-08-26,4.818,5.184,4.799,4.991,6361188.77,31750210.93,HT,https://www.cryptocompare.com/media/27010813/ht.png,Huobi Token
2020-08-27,4.721,4.97,4.991,4.79,2321936.97,11121497.6,HT,https://www.cryptocompare.com/media/27010813/ht.png,Huobi Token
2020-08-28,4.774,4.98,4.79,4.849,1216348.03,5898461.32,HT,https://www.cryptocompare.com/media/27010813/ht.png,Huobi Token
2020-08-29,4.682,4.893,4.849,4.789,1091550.73,5227947.18,HT,https://www.cryptocompare.com/media/27010813/ht.png,Huobi Token
2020-08-30,4.844,5.153,4.789,4.857,1206246.33,5858416.12,HT,https://www.cryptocompare.com/media/27010813/ht.png,Huobi Token
2020-08-31,4.884,5.044,4.857,4.94,1198456.95,5920446.84,HT,https://www.cryptocompare.com/media/27010813/ht.png,Huobi Token
2020-09-01,4.787,5.534,4.94,4.967,3070168.98,15250930.55,HT,https://www.cryptocompare.com/media/27010813/ht.png,Huobi Token
2020-09-02,4.552,5.265,4.967,5.04,6390156.34,32209275.03,HT,https://www.cryptocompare.com/media/27010813/ht.png,Huobi Token
2020-09-03,4.215,4.479,5.04,4.379,3039908.46,13312266.81,HT,https://www.cryptocompare.com/media/27010813/ht.png,Huobi Token
2020-09-04,4.314,4.534,4.379,4.477,693301.22,3103601.74,HT,https://www.cryptocompare.com/media/27010813/ht.png,Huobi Token
2020-09-05,3.845,4.532,4.477,4.335,2601268.17,11275595.4,HT,https://www.cryptocompare.com/media/27010813/ht.png,Huobi Token
2020-09-06,4.437,4.835,4.335,4.67,3211935.39,14998503.6,HT,https://www.cryptocompare.com/media/27010813/ht.png,Huobi Token
2020-09-07,4.626,4.966,4.67,4.626,4308580.71,19933200.56,HT,https://www.cryptocompare.com/media/27010813/ht.png,Huobi Token
2020-09-08,4.39,4.603,4.626,4.542,880504.73,3999320.28,HT,https://www.cryptocompare.com/media/27010813/ht.png,Huobi Token
2020-09-09,4.618,4.853,4.542,4.677,710138.48,3321543.49,HT,https://www.cryptocompare.com/media/27010813/ht.png,Huobi Token
2020-09-10,4.634,4.903,4.677,4.719,735492.75,3470726.89,HT,https://www.cryptocompare.com/media/27010813/ht.png,Huobi Token
2020-09-11,4.72,4.94,4.719,4.735,652183.39,3087901.44,HT,https://www.cryptocompare.com/media/27010813/ht.png,Huobi Token
2020-09-12,4.728,5.046,4.735,4.728,562645.42,2660332.26,HT,https://www.cryptocompare.com/media/27010813/ht.png,Huobi Token
2020-09-13,4.462,4.912,4.728,4.832,934734.74,4516537.97,HT,https://www.cryptocompare.com/media/27010813/ht.png,Huobi Token
2020-09-14,4.757,5.074,4.832,4.791,1091053.28,5227179.53,HT,https://www.cryptocompare.com/media/27010813/ht.png,Huobi Token
2020-09-15,4.567,4.804,4.791,4.782,747029.47,3572156.5,HT,https://www.cryptocompare.com/media/27010813/ht.png,Huobi Token
2020-09-16,4.693,4.894,4.782,4.769,488583.96,2330243.25,HT,https://www.cryptocompare.com/media/27010813/ht.png,Huobi Token
2020-09-17,4.802,5.098,4.769,4.857,784643.75,3810967.85,HT,https://www.cryptocompare.com/media/27010813/ht.png,Huobi Token
2020-09-18,4.758,4.997,4.857,4.912,782514.67,3843796.73,HT,https://www.cryptocompare.com/media/27010813/ht.png,Huobi Token
2020-09-19,4.902,4.987,4.912,4.909,330427.99,1622231.72,HT,https://www.cryptocompare.com/media/27010813/ht.png,Huobi Token
2020-09-20,4.727,4.82,4.909,4.809,437639.85,2104582.73,HT,https://www.cryptocompare.com/media/27010813/ht.png,Huobi Token
2020-09-21,4.371,4.589,4.809,4.555,833281.25,3795716.17,HT,https://www.cryptocompare.com/media/27010813/ht.png,Huobi Token
2020-09-22,4.517,4.62,4.555,4.589,426391.8,1956649.08,HT,https://www.cryptocompare.com/media/27010813/ht.png,Huobi Token
2020-09-23,4.268,4.56,4.589,4.511,658279.03,2969810.77,HT,https://www.cryptocompare.com/media/27010813/ht.png,Huobi Token
2020-09-24,4.62,4.951,4.511,4.648,587662.24,2731210.68,HT,https://www.cryptocompare.com/media/27010813/ht.png,Huobi Token
2020-09-25,4.559,4.787,4.648,4.626,571889.34,2645298.62,HT,https://www.cryptocompare.com/media/27010813/ht.png,Huobi Token
2020-09-26,4.615,4.704,4.626,4.647,374116.32,1738606.53,HT,https://www.cryptocompare.com/media/27010813/ht.png,Huobi Token
2020-09-27,4.596,4.707,4.647,4.628,335517.59,1552859.22,HT,https://www.cryptocompare.com/media/27010813/ht.png,Huobi Token
2020-09-28,4.45,4.599,4.628,4.599,356887.23,1641178.01,HT,https://www.cryptocompare.com/media/27010813/ht.png,Huobi Token
2020-09-29,4.625,4.715,4.599,4.632,323353.23,1497827.26,HT,https://www.cryptocompare.com/media/27010813/ht.png,Huobi Token
2020-09-30,4.603,4.707,4.632,4.621,274373.44,1267770.58,HT,https://www.cryptocompare.com/media/27010813/ht.png,Huobi Token
2020-10-01,4.463,4.689,4.621,4.625,400504.98,1852527.37,HT,https://www.cryptocompare.com/media/27010813/ht.png,Huobi Token
2020-10-02,4.53,4.759,4.625,4.655,545050.07,2537138.2,HT,https://www.cryptocompare.com/media/27010813/ht.png,Huobi Token
2020-10-03,4.61,4.693,4.655,4.637,154078.26,714495.53,HT,https://www.cryptocompare.com/media/27010813/ht.png,Huobi Token
2020-10-04,4.645,4.733,4.637,4.652,157563.52,732940.95,HT,https://www.cryptocompare.com/media/27010813/ht.png,Huobi Token
2020-10-05,4.611,4.703,4.652,4.618,217880.92,1006089.55,HT,https://www.cryptocompare.com/media/27010813/ht.png,Huobi Token
2020-10-06,4.428,4.591,4.618,4.544,338451.08,1537762.8,HT,https://www.cryptocompare.com/media/27010813/ht.png,Huobi Token
2020-10-07,4.52,4.609,4.544,4.568,216963.95,991073.45,HT,https://www.cryptocompare.com/media/27010813/ht.png,Huobi Token
2020-10-08,4.587,4.762,4.568,4.625,359498.31,1662788.97,HT,https://www.cryptocompare.com/media/27010813/ht.png,Huobi Token
2020-10-09,4.648,4.845,4.625,4.681,422594.11,1978121.66,HT,https://www.cryptocompare.com/media/27010813/ht.png,Huobi Token
2020-10-10,4.632,4.758,4.681,4.677,247628.92,1158110.14,HT,https://www.cryptocompare.com/media/27010813/ht.png,Huobi Token
2020-10-11,4.665,4.732,4.677,4.691,143501.18,673197.33,HT,https://www.cryptocompare.com/media/27010813/ht.png,Huobi Token
2020-10-12,4.647,4.972,4.691,4.736,288873.59,1368041.31,HT,https://www.cryptocompare.com/media/27010813/ht.png,Huobi Token
2020-10-13,4.653,4.756,4.736,4.684,223252.3,1045650.1,HT,https://www.cryptocompare.com/media/27010813/ht.png,Huobi Token
2020-10-14,4.609,4.734,4.684,4.662,217563.81,1014324.25,HT,https://www.cryptocompare.com/media/27010813/ht.png,Huobi Token
2020-10-15,4.609,4.723,4.662,4.617,289509.85,1336655.51,HT,https://www.cryptocompare.com/media/27010813/ht.png,Huobi Token
2020-10-16,4.288,4.486,4.617,4.42,910025.55,4022187.53,HT,https://www.cryptocompare.com/media/27010813/ht.png,Huobi Token
2020-10-17,4.238,4.459,4.42,4.315,422002.29,1821145.1,HT,https://www.cryptocompare.com/media/27010813/ht.png,Huobi Token
2020-10-18,4.352,4.454,4.315,4.432,331593.19,1469465.97,HT,https://www.cryptocompare.com/media/27010813/ht.png,Huobi Token
2020-10-19,4.377,4.53,4.426,4.384,585914.22,2568730.29,HT,https://www.cryptocompare.com/media/27010813/ht.png,Huobi Token
2020-10-20,4.256,4.4,4.378,4.341,318631.44,1383220.22,HT,https://www.cryptocompare.com/media/27010813/ht.png,Huobi Token
2020-10-21,4.423,4.69,4.341,4.474,692160.84,3096996.02,HT,https://www.cryptocompare.com/media/27010813/ht.png,Huobi Token
2020-10-22,4.489,4.742,4.474,4.559,298472.18,1360883.9,HT,https://www.cryptocompare.com/media/27010813/ht.png,Huobi Token
2020-10-23,4.395,4.538,4.559,4.493,289972.06,1302839.51,HT,https://www.cryptocompare.com/media/27010813/ht.png,Huobi Token
2020-10-24,4.451,4.542,4.493,4.505,157885.04,711227.64,HT,https://www.cryptocompare.com/media/27010813/ht.png,Huobi Token
2020-10-25,4.376,4.445,4.505,4.433,186715.68,827660.76,HT,https://www.cryptocompare.com/media/27010813/ht.png,Huobi Token
2020-10-26,4.265,4.525,4.433,4.415,251246.32,1109158.36,HT,https://www.cryptocompare.com/media/27010813/ht.png,Huobi Token
2020-10-27,4.251,4.534,4.415,4.312,568350.05,2450693.13,HT,https://www.cryptocompare.com/media/27010813/ht.png,Huobi Token
2020-10-28,4.105,4.296,4.312,4.226,261729.98,1106052.55,HT,https://www.cryptocompare.com/media/27010813/ht.png,Huobi Token
2020-10-29,4.178,4.286,4.226,4.271,273892.43,1169709.88,HT,https://www.cryptocompare.com/media/27010813/ht.png,Huobi Token
2020-10-30,4.076,4.245,4.271,4.096,405885.02,1662315.09,HT,https://www.cryptocompare.com/media/27010813/ht.png,Huobi Token
2020-10-31,4.007,4.25,4.096,4.235,475210.15,2012525.44,HT,https://www.cryptocompare.com/media/27010813/ht.png,Huobi Token
2020-11-01,4.147,4.349,4.235,4.171,310354.51,1294511.88,HT,https://www.cryptocompare.com/media/27010813/ht.png,Huobi Token
2020-11-02,3.612,4.036,4.171,3.815,1547759.42,5905298.17,HT,https://www.cryptocompare.com/media/27010813/ht.png,Huobi Token
2020-11-03,3.589,3.861,3.815,3.643,410955.92,1496942.81,HT,https://www.cryptocompare.com/media/27010813/ht.png,Huobi Token
2020-11-04,3.488,3.832,3.643,3.555,511101.67,1817215.75,HT,https://www.cryptocompare.com/media/27010813/ht.png,Huobi Token
2020-11-05,3.58,3.777,3.555,3.603,348305.06,1255005.92,HT,https://www.cryptocompare.com/media/27010813/ht.png,Huobi Token
2020-11-06,3.767,4.004,3.603,3.824,370485.43,1416891.12,HT,https://www.cryptocompare.com/media/27010813/ht.png,Huobi Token
2020-11-07,3.555,3.795,3.824,3.709,336406.41,1247820.19,HT,https://www.cryptocompare.com/media/27010813/ht.png,Huobi Token
2020-11-08,3.732,3.933,3.709,3.781,161826.86,611893.75,HT,https://www.cryptocompare.com/media/27010813/ht.png,Huobi Token
2020-11-09,3.677,3.788,3.782,3.751,382405.99,1434385.11,HT,https://www.cryptocompare.com/media/27010813/ht.png,Huobi Token
2020-11-10,3.631,3.831,3.75,3.66,193111.48,706716.69,HT,https://www.cryptocompare.com/media/27010813/ht.png,Huobi Token
2020-11-11,3.583,3.766,3.66,3.659,386636.23,1414826.49,HT,https://www.cryptocompare.com/media/27010813/ht.png,Huobi Token
2020-11-12,3.607,3.72,3.659,3.632,258227.49,937855.76,HT,https://www.cryptocompare.com/media/27010813/ht.png,Huobi Token
2020-11-13,3.623,3.798,3.632,3.64,286106.31,1041412.29,HT,https://www.cryptocompare.com/media/27010813/ht.png,Huobi Token
2020-11-14,3.517,3.668,3.64,3.617,273860.04,990617.87,HT,https://www.cryptocompare.com/media/27010813/ht.png,Huobi Token
2020-11-15,3.498,3.685,3.617,3.629,369378.77,1340436.55,HT,https://www.cryptocompare.com/media/27010813/ht.png,Huobi Token
2020-11-16,3.437,3.74,3.629,3.54,519074.68,1837454.14,HT,https://www.cryptocompare.com/media/27010813/ht.png,Huobi Token
2020-11-17,3.656,3.911,3.54,3.697,631001.75,2332958.01,HT,https://www.cryptocompare.com/media/27010813/ht.png,Huobi Token
2020-11-18,3.593,3.895,3.697,3.807,830944.44,3163090.36,HT,https://www.cryptocompare.com/media/27010813/ht.png,Huobi Token
2020-11-19,3.737,4.167,3.807,4.153,1488538.42,6181352.28,HT,https://www.cryptocompare.com/media/27010813/ht.png,Huobi Token
2020-11-20,4.198,4.738,4.153,4.302,1001481.45,4308277.1,HT,https://www.cryptocompare.com/media/27010813/ht.png,Huobi Token
2020-11-21,4.336,4.659,4.302,4.339,902325.31,3915285.91,HT,https://www.cryptocompare.com/media/27010813/ht.png,Huobi Token
2020-11-22,4.102,4.498,4.339,4.24,817594.61,3466466.82,HT,https://www.cryptocompare.com/media/27010813/ht.png,Huobi Token
2020-11-23,4.232,4.646,4.24,4.244,1061114.0,4503164.84,HT,https://www.cryptocompare.com/media/27010813/ht.png,Huobi Token
2020-11-24,4.215,4.47,4.244,4.435,1273612.88,5648494.14,HT,https://www.cryptocompare.com/media/27010813/ht.png,Huobi Token
2020-11-25,4.056,4.227,4.435,4.15,747624.98,3102484.57,HT,https://www.cryptocompare.com/media/27010813/ht.png,Huobi Token
2020-11-26,3.764,4.362,4.15,4.075,1430252.01,5828854.02,HT,https://www.cryptocompare.com/media/27010813/ht.png,Huobi Token
2020-11-27,3.937,4.14,4.075,4.071,495184.83,2015768.78,HT,https://www.cryptocompare.com/media/27010813/ht.png,Huobi Token
2020-11-28,4.017,4.287,4.071,4.102,349016.91,1431728.01,HT,https://www.cryptocompare.com/media/27010813/ht.png,Huobi Token
2020-11-29,4.053,4.406,4.102,4.058,358851.45,1456190.48,HT,https://www.cryptocompare.com/media/27010813/ht.png,Huobi Token
2020-11-30,4.147,4.371,4.058,4.147,504689.17,2093066.28,HT,https://www.cryptocompare.com/media/27010813/ht.png,Huobi Token
2020-12-01,3.847,4.142,4.147,4.007,610350.99,2445962.23,HT,https://www.cryptocompare.com/media/27010813/ht.png,Huobi Token
2020-12-02,3.968,4.128,4.007,4.013,355859.31,1427896.09,HT,https://www.cryptocompare.com/media/27010813/ht.png,Huobi Token
2020-12-03,3.961,4.188,4.013,3.98,501254.36,1994907.26,HT,https://www.cryptocompare.com/media/27010813/ht.png,Huobi Token
2020-12-04,3.652,3.867,3.98,3.866,747791.32,2890836.14,HT,https://www.cryptocompare.com/media/27010813/ht.png,Huobi Token
2020-12-05,3.915,4.097,3.866,3.915,231893.24,907920.07,HT,https://www.cryptocompare.com/media/27010813/ht.png,Huobi Token
2020-12-06,3.899,4.006,3.915,3.914,131162.16,513365.42,HT,https://www.cryptocompare.com/media/27010813/ht.png,Huobi Token
2020-12-07,3.841,3.982,3.914,3.927,270741.72,1063248.13,HT,https://www.cryptocompare.com/media/27010813/ht.png,Huobi Token
2020-12-08,3.683,4.098,3.927,4.093,691960.72,2832130.97,HT,https://www.cryptocompare.com/media/27010813/ht.png,Huobi Token
2020-12-09,4.018,4.285,4.093,4.082,556237.41,2270419.78,HT,https://www.cryptocompare.com/media/27010813/ht.png,Huobi Token
2020-12-10,3.924,4.165,4.082,3.994,467116.31,1865638.76,HT,https://www.cryptocompare.com/media/27010813/ht.png,Huobi Token
2020-12-11,3.859,4.005,3.994,3.954,325261.65,1285993.89,HT,https://www.cryptocompare.com/media/27010813/ht.png,Huobi Token
2020-12-12,3.957,4.13,3.954,3.994,153844.83,614414.91,HT,https://www.cryptocompare.com/media/27010813/ht.png,Huobi Token
2020-12-13,3.967,4.169,3.994,3.983,212298.01,845630.73,HT,https://www.cryptocompare.com/media/27010813/ht.png,Huobi Token
2020-12-14,3.895,3.991,3.983,3.929,173698.24,682483.2,HT,https://www.cryptocompare.com/media/27010813/ht.png,Huobi Token
2020-12-15,3.887,3.976,3.929,3.903,297742.28,1162162.93,HT,https://www.cryptocompare.com/media/27010813/ht.png,Huobi Token
2020-12-16,4.045,4.27,3.903,4.049,457006.34,1850423.82,HT,https://www.cryptocompare.com/media/27010813/ht.png,Huobi Token
2020-12-17,3.898,4.123,4.049,4.021,622636.66,2503644.62,HT,https://www.cryptocompare.com/media/27010813/ht.png,Huobi Token
2020-12-18,4.005,4.147,4.021,4.054,388228.48,1573988.01,HT,https://www.cryptocompare.com/media/27010813/ht.png,Huobi Token
2020-12-19,4.038,4.456,4.054,4.291,799397.38,3430031.74,HT,https://www.cryptocompare.com/media/27010813/ht.png,Huobi Token
2020-12-20,3.913,4.228,4.291,4.084,715295.74,2921017.33,HT,https://www.cryptocompare.com/media/27010813/ht.png,Huobi Token
2020-12-21,3.829,4.125,4.084,4.042,926774.18,3745953.67,HT,https://www.cryptocompare.com/media/27010813/ht.png,Huobi Token
2020-12-22,4.124,4.393,4.042,4.125,538186.31,2219905.4,HT,https://www.cryptocompare.com/media/27010813/ht.png,Huobi Token
2020-12-23,3.787,4.139,4.125,3.906,803090.96,3136839.96,HT,https://www.cryptocompare.com/media/27010813/ht.png,Huobi Token
2020-12-24,3.971,4.196,3.906,3.984,797021.34,3175624.92,HT,https://www.cryptocompare.com/media/27010813/ht.png,Huobi Token
2020-12-25,4.015,4.126,3.984,4.042,429462.68,1735802.19,HT,https://www.cryptocompare.com/media/27010813/ht.png,Huobi Token
2020-12-26,3.915,4.131,4.042,3.995,661042.19,2640545.98,HT,https://www.cryptocompare.com/media/27010813/ht.png,Huobi Token
2020-12-27,3.875,4.308,3.995,4.011,972550.51,3900762.69,HT,https://www.cryptocompare.com/media/27010813/ht.png,Huobi Token
2020-12-28,4.046,4.608,4.011,4.222,832760.45,3516028.98,HT,https://www.cryptocompare.com/media/27010813/ht.png,Huobi Token
2020-12-29,4.191,4.584,4.222,4.339,818775.38,3552521.49,HT,https://www.cryptocompare.com/media/27010813/ht.png,Huobi Token
2020-12-30,4.299,4.482,4.339,4.324,475788.94,2057329.16,HT,https://www.cryptocompare.com/media/27010813/ht.png,Huobi Token
2020-12-31,4.207,4.392,4.324,4.371,700404.03,3061159.48,HT,https://www.cryptocompare.com/media/27010813/ht.png,Huobi Token
2021-01-01,4.278,5.212,4.371,5.184,1196967.45,6204608.85,HT,https://www.cryptocompare.com/media/27010813/ht.png,Huobi Token
2021-01-02,4.757,5.705,5.184,4.857,1082976.97,5260098.42,HT,https://www.cryptocompare.com/media/27010813/ht.png,Huobi Token
2021-01-03,4.779,6.265,4.857,4.92,1220295.56,6003701.17,HT,https://www.cryptocompare.com/media/27010813/ht.png,Huobi Token
2021-01-04,4.605,5.755,4.92,4.847,1775398.59,8604507.19,HT,https://www.cryptocompare.com/media/27010813/ht.png,Huobi Token
2021-01-05,4.711,5.382,4.847,4.824,770466.12,3716921.08,HT,https://www.cryptocompare.com/media/27010813/ht.png,Huobi Token
2021-01-06,5.008,5.495,4.824,5.023,767780.55,3856360.48,HT,https://www.cryptocompare.com/media/27010813/ht.png,Huobi Token
2021-01-07,4.762,5.21,5.023,5.04,833640.77,4201950.88,HT,https://www.cryptocompare.com/media/27010813/ht.png,Huobi Token
2021-01-08,4.685,5.372,5.04,4.92,897111.15,4414011.26,HT,https://www.cryptocompare.com/media/27010813/ht.png,Huobi Token
2021-01-09,4.876,5.382,4.941,5.223,1720199.83,8983752.33,HT,https://www.cryptocompare.com/media/27010813/ht.png,Huobi Token
2019-12-06,0.0,0.0,0.0,0.0,0.0,0.0,AAVE,https://www.cryptocompare.com/media/37071994/aave.png,Aave
2019-12-07,0.0,0.0,0.0,0.0,0.0,0.0,AAVE,https://www.cryptocompare.com/media/37071994/aave.png,Aave
2019-12-08,0.0,0.0,0.0,0.0,0.0,0.0,AAVE,https://www.cryptocompare.com/media/37071994/aave.png,Aave
2019-12-09,0.0,0.0,0.0,0.0,0.0,0.0,AAVE,https://www.cryptocompare.com/media/37071994/aave.png,Aave
2019-12-10,0.0,0.0,0.0,0.0,0.0,0.0,AAVE,https://www.cryptocompare.com/media/37071994/aave.png,Aave
2019-12-11,0.0,0.0,0.0,0.0,0.0,0.0,AAVE,https://www.cryptocompare.com/media/37071994/aave.png,Aave
2019-12-12,0.0,0.0,0.0,0.0,0.0,0.0,AAVE,https://www.cryptocompare.com/media/37071994/aave.png,Aave
2019-12-13,0.0,0.0,0.0,0.0,0.0,0.0,AAVE,https://www.cryptocompare.com/media/37071994/aave.png,Aave
2019-12-14,0.0,0.0,0.0,0.0,0.0,0.0,AAVE,https://www.cryptocompare.com/media/37071994/aave.png,Aave
2019-12-15,0.0,0.0,0.0,0.0,0.0,0.0,AAVE,https://www.cryptocompare.com/media/37071994/aave.png,Aave
2019-12-16,0.0,0.0,0.0,0.0,0.0,0.0,AAVE,https://www.cryptocompare.com/media/37071994/aave.png,Aave
2019-12-17,0.0,0.0,0.0,0.0,0.0,0.0,AAVE,https://www.cryptocompare.com/media/37071994/aave.png,Aave
2019-12-18,0.0,0.0,0.0,0.0,0.0,0.0,AAVE,https://www.cryptocompare.com/media/37071994/aave.png,Aave
2019-12-19,0.0,0.0,0.0,0.0,0.0,0.0,AAVE,https://www.cryptocompare.com/media/37071994/aave.png,Aave
2019-12-20,0.0,0.0,0.0,0.0,0.0,0.0,AAVE,https://www.cryptocompare.com/media/37071994/aave.png,Aave
2019-12-21,0.0,0.0,0.0,0.0,0.0,0.0,AAVE,https://www.cryptocompare.com/media/37071994/aave.png,Aave
2019-12-22,0.0,0.0,0.0,0.0,0.0,0.0,AAVE,https://www.cryptocompare.com/media/37071994/aave.png,Aave
2019-12-23,0.0,0.0,0.0,0.0,0.0,0.0,AAVE,https://www.cryptocompare.com/media/37071994/aave.png,Aave
2019-12-24,0.0,0.0,0.0,0.0,0.0,0.0,AAVE,https://www.cryptocompare.com/media/37071994/aave.png,Aave
2019-12-25,0.0,0.0,0.0,0.0,0.0,0.0,AAVE,https://www.cryptocompare.com/media/37071994/aave.png,Aave
2019-12-26,0.0,0.0,0.0,0.0,0.0,0.0,AAVE,https://www.cryptocompare.com/media/37071994/aave.png,Aave
2019-12-27,0.0,0.0,0.0,0.0,0.0,0.0,AAVE,https://www.cryptocompare.com/media/37071994/aave.png,Aave
2019-12-28,0.0,0.0,0.0,0.0,0.0,0.0,AAVE,https://www.cryptocompare.com/media/37071994/aave.png,Aave
2019-12-29,0.0,0.0,0.0,0.0,0.0,0.0,AAVE,https://www.cryptocompare.com/media/37071994/aave.png,Aave
2019-12-30,0.0,0.0,0.0,0.0,0.0,0.0,AAVE,https://www.cryptocompare.com/media/37071994/aave.png,Aave
2019-12-31,0.0,0.0,0.0,0.0,0.0,0.0,AAVE,https://www.cryptocompare.com/media/37071994/aave.png,Aave
2020-01-01,0.0,0.0,0.0,0.0,0.0,0.0,AAVE,https://www.cryptocompare.com/media/37071994/aave.png,Aave
2020-01-02,0.0,0.0,0.0,0.0,0.0,0.0,AAVE,https://www.cryptocompare.com/media/37071994/aave.png,Aave
2020-01-03,0.0,0.0,0.0,0.0,0.0,0.0,AAVE,https://www.cryptocompare.com/media/37071994/aave.png,Aave
2020-01-04,0.0,0.0,0.0,0.0,0.0,0.0,AAVE,https://www.cryptocompare.com/media/37071994/aave.png,Aave
2020-01-05,0.0,0.0,0.0,0.0,0.0,0.0,AAVE,https://www.cryptocompare.com/media/37071994/aave.png,Aave
2020-01-06,0.0,0.0,0.0,0.0,0.0,0.0,AAVE,https://www.cryptocompare.com/media/37071994/aave.png,Aave
2020-01-07,0.0,0.0,0.0,0.0,0.0,0.0,AAVE,https://www.cryptocompare.com/media/37071994/aave.png,Aave
2020-01-08,0.0,0.0,0.0,0.0,0.0,0.0,AAVE,https://www.cryptocompare.com/media/37071994/aave.png,Aave
2020-01-09,0.0,0.0,0.0,0.0,0.0,0.0,AAVE,https://www.cryptocompare.com/media/37071994/aave.png,Aave
2020-01-10,0.0,0.0,0.0,0.0,0.0,0.0,AAVE,https://www.cryptocompare.com/media/37071994/aave.png,Aave
2020-01-11,0.0,0.0,0.0,0.0,0.0,0.0,AAVE,https://www.cryptocompare.com/media/37071994/aave.png,Aave
2020-01-12,0.0,0.0,0.0,0.0,0.0,0.0,AAVE,https://www.cryptocompare.com/media/37071994/aave.png,Aave
2020-01-13,0.0,0.0,0.0,0.0,0.0,0.0,AAVE,https://www.cryptocompare.com/media/37071994/aave.png,Aave
2020-01-14,0.0,0.0,0.0,0.0,0.0,0.0,AAVE,https://www.cryptocompare.com/media/37071994/aave.png,Aave
2020-01-15,0.0,0.0,0.0,0.0,0.0,0.0,AAVE,https://www.cryptocompare.com/media/37071994/aave.png,Aave
2020-01-16,0.0,0.0,0.0,0.0,0.0,0.0,AAVE,https://www.cryptocompare.com/media/37071994/aave.png,Aave
2020-01-17,0.0,0.0,0.0,0.0,0.0,0.0,AAVE,https://www.cryptocompare.com/media/37071994/aave.png,Aave
2020-01-18,0.0,0.0,0.0,0.0,0.0,0.0,AAVE,https://www.cryptocompare.com/media/37071994/aave.png,Aave
2020-01-19,0.0,0.0,0.0,0.0,0.0,0.0,AAVE,https://www.cryptocompare.com/media/37071994/aave.png,Aave
2020-01-20,0.0,0.0,0.0,0.0,0.0,0.0,AAVE,https://www.cryptocompare.com/media/37071994/aave.png,Aave
2020-01-21,0.0,0.0,0.0,0.0,0.0,0.0,AAVE,https://www.cryptocompare.com/media/37071994/aave.png,Aave
2020-01-22,0.0,0.0,0.0,0.0,0.0,0.0,AAVE,https://www.cryptocompare.com/media/37071994/aave.png,Aave
2020-01-23,0.0,0.0,0.0,0.0,0.0,0.0,AAVE,https://www.cryptocompare.com/media/37071994/aave.png,Aave
2020-01-24,0.0,0.0,0.0,0.0,0.0,0.0,AAVE,https://www.cryptocompare.com/media/37071994/aave.png,Aave
2020-01-25,0.0,0.0,0.0,0.0,0.0,0.0,AAVE,https://www.cryptocompare.com/media/37071994/aave.png,Aave
2020-01-26,0.0,0.0,0.0,0.0,0.0,0.0,AAVE,https://www.cryptocompare.com/media/37071994/aave.png,Aave
2020-01-27,0.0,0.0,0.0,0.0,0.0,0.0,AAVE,https://www.cryptocompare.com/media/37071994/aave.png,Aave
2020-01-28,0.0,0.0,0.0,0.0,0.0,0.0,AAVE,https://www.cryptocompare.com/media/37071994/aave.png,Aave
2020-01-29,0.0,0.0,0.0,0.0,0.0,0.0,AAVE,https://www.cryptocompare.com/media/37071994/aave.png,Aave
2020-01-30,0.0,0.0,0.0,0.0,0.0,0.0,AAVE,https://www.cryptocompare.com/media/37071994/aave.png,Aave
2020-01-31,0.0,0.0,0.0,0.0,0.0,0.0,AAVE,https://www.cryptocompare.com/media/37071994/aave.png,Aave
2020-02-01,0.0,0.0,0.0,0.0,0.0,0.0,AAVE,https://www.cryptocompare.com/media/37071994/aave.png,Aave
2020-02-02,0.0,0.0,0.0,0.0,0.0,0.0,AAVE,https://www.cryptocompare.com/media/37071994/aave.png,Aave
2020-02-03,0.0,0.0,0.0,0.0,0.0,0.0,AAVE,https://www.cryptocompare.com/media/37071994/aave.png,Aave
2020-02-04,0.0,0.0,0.0,0.0,0.0,0.0,AAVE,https://www.cryptocompare.com/media/37071994/aave.png,Aave
2020-02-05,0.0,0.0,0.0,0.0,0.0,0.0,AAVE,https://www.cryptocompare.com/media/37071994/aave.png,Aave
2020-02-06,0.0,0.0,0.0,0.0,0.0,0.0,AAVE,https://www.cryptocompare.com/media/37071994/aave.png,Aave
2020-02-07,0.0,0.0,0.0,0.0,0.0,0.0,AAVE,https://www.cryptocompare.com/media/37071994/aave.png,Aave
2020-02-08,0.0,0.0,0.0,0.0,0.0,0.0,AAVE,https://www.cryptocompare.com/media/37071994/aave.png,Aave
2020-02-09,0.0,0.0,0.0,0.0,0.0,0.0,AAVE,https://www.cryptocompare.com/media/37071994/aave.png,Aave
2020-02-10,0.0,0.0,0.0,0.0,0.0,0.0,AAVE,https://www.cryptocompare.com/media/37071994/aave.png,Aave
2020-02-11,0.0,0.0,0.0,0.0,0.0,0.0,AAVE,https://www.cryptocompare.com/media/37071994/aave.png,Aave
2020-02-12,0.0,0.0,0.0,0.0,0.0,0.0,AAVE,https://www.cryptocompare.com/media/37071994/aave.png,Aave
2020-02-13,0.0,0.0,0.0,0.0,0.0,0.0,AAVE,https://www.cryptocompare.com/media/37071994/aave.png,Aave
2020-02-14,0.0,0.0,0.0,0.0,0.0,0.0,AAVE,https://www.cryptocompare.com/media/37071994/aave.png,Aave
2020-02-15,0.0,0.0,0.0,0.0,0.0,0.0,AAVE,https://www.cryptocompare.com/media/37071994/aave.png,Aave
2020-02-16,0.0,0.0,0.0,0.0,0.0,0.0,AAVE,https://www.cryptocompare.com/media/37071994/aave.png,Aave
2020-02-17,0.0,0.0,0.0,0.0,0.0,0.0,AAVE,https://www.cryptocompare.com/media/37071994/aave.png,Aave
2020-02-18,0.0,0.0,0.0,0.0,0.0,0.0,AAVE,https://www.cryptocompare.com/media/37071994/aave.png,Aave
2020-02-19,0.0,0.0,0.0,0.0,0.0,0.0,AAVE,https://www.cryptocompare.com/media/37071994/aave.png,Aave
2020-02-20,0.0,0.0,0.0,0.0,0.0,0.0,AAVE,https://www.cryptocompare.com/media/37071994/aave.png,Aave
2020-02-21,0.0,0.0,0.0,0.0,0.0,0.0,AAVE,https://www.cryptocompare.com/media/37071994/aave.png,Aave
2020-02-22,0.0,0.0,0.0,0.0,0.0,0.0,AAVE,https://www.cryptocompare.com/media/37071994/aave.png,Aave
2020-02-23,0.0,0.0,0.0,0.0,0.0,0.0,AAVE,https://www.cryptocompare.com/media/37071994/aave.png,Aave
2020-02-24,0.0,0.0,0.0,0.0,0.0,0.0,AAVE,https://www.cryptocompare.com/media/37071994/aave.png,Aave
2020-02-25,0.0,0.0,0.0,0.0,0.0,0.0,AAVE,https://www.cryptocompare.com/media/37071994/aave.png,Aave
2020-02-26,0.0,0.0,0.0,0.0,0.0,0.0,AAVE,https://www.cryptocompare.com/media/37071994/aave.png,Aave
2020-02-27,0.0,0.0,0.0,0.0,0.0,0.0,AAVE,https://www.cryptocompare.com/media/37071994/aave.png,Aave
2020-02-28,0.0,0.0,0.0,0.0,0.0,0.0,AAVE,https://www.cryptocompare.com/media/37071994/aave.png,Aave
2020-02-29,0.0,0.0,0.0,0.0,0.0,0.0,AAVE,https://www.cryptocompare.com/media/37071994/aave.png,Aave
2020-03-01,0.0,0.0,0.0,0.0,0.0,0.0,AAVE,https://www.cryptocompare.com/media/37071994/aave.png,Aave
2020-03-02,0.0,0.0,0.0,0.0,0.0,0.0,AAVE,https://www.cryptocompare.com/media/37071994/aave.png,Aave
2020-03-03,0.0,0.0,0.0,0.0,0.0,0.0,AAVE,https://www.cryptocompare.com/media/37071994/aave.png,Aave
2020-03-04,0.0,0.0,0.0,0.0,0.0,0.0,AAVE,https://www.cryptocompare.com/media/37071994/aave.png,Aave
2020-03-05,0.0,0.0,0.0,0.0,0.0,0.0,AAVE,https://www.cryptocompare.com/media/37071994/aave.png,Aave
2020-03-06,0.0,0.0,0.0,0.0,0.0,0.0,AAVE,https://www.cryptocompare.com/media/37071994/aave.png,Aave
2020-03-07,0.0,0.0,0.0,0.0,0.0,0.0,AAVE,https://www.cryptocompare.com/media/37071994/aave.png,Aave
2020-03-08,0.0,0.0,0.0,0.0,0.0,0.0,AAVE,https://www.cryptocompare.com/media/37071994/aave.png,Aave
2020-03-09,0.0,0.0,0.0,0.0,0.0,0.0,AAVE,https://www.cryptocompare.com/media/37071994/aave.png,Aave
2020-03-10,0.0,0.0,0.0,0.0,0.0,0.0,AAVE,https://www.cryptocompare.com/media/37071994/aave.png,Aave
2020-03-11,0.0,0.0,0.0,0.0,0.0,0.0,AAVE,https://www.cryptocompare.com/media/37071994/aave.png,Aave
2020-03-12,0.0,0.0,0.0,0.0,0.0,0.0,AAVE,https://www.cryptocompare.com/media/37071994/aave.png,Aave
2020-03-13,0.0,0.0,0.0,0.0,0.0,0.0,AAVE,https://www.cryptocompare.com/media/37071994/aave.png,Aave
2020-03-14,0.0,0.0,0.0,0.0,0.0,0.0,AAVE,https://www.cryptocompare.com/media/37071994/aave.png,Aave
2020-03-15,0.0,0.0,0.0,0.0,0.0,0.0,AAVE,https://www.cryptocompare.com/media/37071994/aave.png,Aave
2020-03-16,0.0,0.0,0.0,0.0,0.0,0.0,AAVE,https://www.cryptocompare.com/media/37071994/aave.png,Aave
2020-03-17,0.0,0.0,0.0,0.0,0.0,0.0,AAVE,https://www.cryptocompare.com/media/37071994/aave.png,Aave
2020-03-18,0.0,0.0,0.0,0.0,0.0,0.0,AAVE,https://www.cryptocompare.com/media/37071994/aave.png,Aave
2020-03-19,0.0,0.0,0.0,0.0,0.0,0.0,AAVE,https://www.cryptocompare.com/media/37071994/aave.png,Aave
2020-03-20,0.0,0.0,0.0,0.0,0.0,0.0,AAVE,https://www.cryptocompare.com/media/37071994/aave.png,Aave
2020-03-21,0.0,0.0,0.0,0.0,0.0,0.0,AAVE,https://www.cryptocompare.com/media/37071994/aave.png,Aave
2020-03-22,0.0,0.0,0.0,0.0,0.0,0.0,AAVE,https://www.cryptocompare.com/media/37071994/aave.png,Aave
2020-03-23,0.0,0.0,0.0,0.0,0.0,0.0,AAVE,https://www.cryptocompare.com/media/37071994/aave.png,Aave
2020-03-24,0.0,0.0,0.0,0.0,0.0,0.0,AAVE,https://www.cryptocompare.com/media/37071994/aave.png,Aave
2020-03-25,0.0,0.0,0.0,0.0,0.0,0.0,AAVE,https://www.cryptocompare.com/media/37071994/aave.png,Aave
2020-03-26,0.0,0.0,0.0,0.0,0.0,0.0,AAVE,https://www.cryptocompare.com/media/37071994/aave.png,Aave
2020-03-27,0.0,0.0,0.0,0.0,0.0,0.0,AAVE,https://www.cryptocompare.com/media/37071994/aave.png,Aave
2020-03-28,0.0,0.0,0.0,0.0,0.0,0.0,AAVE,https://www.cryptocompare.com/media/37071994/aave.png,Aave
2020-03-29,0.0,0.0,0.0,0.0,0.0,0.0,AAVE,https://www.cryptocompare.com/media/37071994/aave.png,Aave
2020-03-30,0.0,0.0,0.0,0.0,0.0,0.0,AAVE,https://www.cryptocompare.com/media/37071994/aave.png,Aave
2020-03-31,0.0,0.0,0.0,0.0,0.0,0.0,AAVE,https://www.cryptocompare.com/media/37071994/aave.png,Aave
2020-04-01,0.0,0.0,0.0,0.0,0.0,0.0,AAVE,https://www.cryptocompare.com/media/37071994/aave.png,Aave
2020-04-02,0.0,0.0,0.0,0.0,0.0,0.0,AAVE,https://www.cryptocompare.com/media/37071994/aave.png,Aave
2020-04-03,0.0,0.0,0.0,0.0,0.0,0.0,AAVE,https://www.cryptocompare.com/media/37071994/aave.png,Aave
2020-04-04,0.0,0.0,0.0,0.0,0.0,0.0,AAVE,https://www.cryptocompare.com/media/37071994/aave.png,Aave
2020-04-05,0.0,0.0,0.0,0.0,0.0,0.0,AAVE,https://www.cryptocompare.com/media/37071994/aave.png,Aave
2020-04-06,0.0,0.0,0.0,0.0,0.0,0.0,AAVE,https://www.cryptocompare.com/media/37071994/aave.png,Aave
2020-04-07,0.0,0.0,0.0,0.0,0.0,0.0,AAVE,https://www.cryptocompare.com/media/37071994/aave.png,Aave
2020-04-08,0.0,0.0,0.0,0.0,0.0,0.0,AAVE,https://www.cryptocompare.com/media/37071994/aave.png,Aave
2020-04-09,0.0,0.0,0.0,0.0,0.0,0.0,AAVE,https://www.cryptocompare.com/media/37071994/aave.png,Aave
2020-04-10,0.0,0.0,0.0,0.0,0.0,0.0,AAVE,https://www.cryptocompare.com/media/37071994/aave.png,Aave
2020-04-11,0.0,0.0,0.0,0.0,0.0,0.0,AAVE,https://www.cryptocompare.com/media/37071994/aave.png,Aave
2020-04-12,0.0,0.0,0.0,0.0,0.0,0.0,AAVE,https://www.cryptocompare.com/media/37071994/aave.png,Aave
2020-04-13,0.0,0.0,0.0,0.0,0.0,0.0,AAVE,https://www.cryptocompare.com/media/37071994/aave.png,Aave
2020-04-14,0.0,0.0,0.0,0.0,0.0,0.0,AAVE,https://www.cryptocompare.com/media/37071994/aave.png,Aave
2020-04-15,0.0,0.0,0.0,0.0,0.0,0.0,AAVE,https://www.cryptocompare.com/media/37071994/aave.png,Aave
2020-04-16,0.0,0.0,0.0,0.0,0.0,0.0,AAVE,https://www.cryptocompare.com/media/37071994/aave.png,Aave
2020-04-17,0.0,0.0,0.0,0.0,0.0,0.0,AAVE,https://www.cryptocompare.com/media/37071994/aave.png,Aave
2020-04-18,0.0,0.0,0.0,0.0,0.0,0.0,AAVE,https://www.cryptocompare.com/media/37071994/aave.png,Aave
2020-04-19,0.0,0.0,0.0,0.0,0.0,0.0,AAVE,https://www.cryptocompare.com/media/37071994/aave.png,Aave
2020-04-20,0.0,0.0,0.0,0.0,0.0,0.0,AAVE,https://www.cryptocompare.com/media/37071994/aave.png,Aave
2020-04-21,0.0,0.0,0.0,0.0,0.0,0.0,AAVE,https://www.cryptocompare.com/media/37071994/aave.png,Aave
2020-04-22,0.0,0.0,0.0,0.0,0.0,0.0,AAVE,https://www.cryptocompare.com/media/37071994/aave.png,Aave
2020-04-23,0.0,0.0,0.0,0.0,0.0,0.0,AAVE,https://www.cryptocompare.com/media/37071994/aave.png,Aave
2020-04-24,0.0,0.0,0.0,0.0,0.0,0.0,AAVE,https://www.cryptocompare.com/media/37071994/aave.png,Aave
2020-04-25,0.0,0.0,0.0,0.0,0.0,0.0,AAVE,https://www.cryptocompare.com/media/37071994/aave.png,Aave
2020-04-26,0.0,0.0,0.0,0.0,0.0,0.0,AAVE,https://www.cryptocompare.com/media/37071994/aave.png,Aave
2020-04-27,0.0,0.0,0.0,0.0,0.0,0.0,AAVE,https://www.cryptocompare.com/media/37071994/aave.png,Aave
2020-04-28,0.0,0.0,0.0,0.0,0.0,0.0,AAVE,https://www.cryptocompare.com/media/37071994/aave.png,Aave
2020-04-29,0.0,0.0,0.0,0.0,0.0,0.0,AAVE,https://www.cryptocompare.com/media/37071994/aave.png,Aave
2020-04-30,0.0,0.0,0.0,0.0,0.0,0.0,AAVE,https://www.cryptocompare.com/media/37071994/aave.png,Aave
